{
	"pattrstorage" : 	{
		"name" : "u924003076",
		"slots" : 		{
			"1" : 			{
				"id" : 1,
				"data" : 				{
					"Glide" : [ 7620.13744499929544 ],
					"Transp" : [ -1568.503937007873901 ],
					"button" : [ 1.0 ],
					"button[1]" : [ 0.0 ],
					"button[2]" : [ 0.0 ],
					"number" : [ 3517.0 ],
					"number[1]" : [ -1862.882360858120364 ],
					"number[2]" : [ 1.0 ],
					"number[3]" : [ 0.04 ],
					"number[4]" : [ 0.645 ],
					"number[5]" : [ 1.97 ],
					"number[6]" : [ 0.9 ],
					"button[3]" : [ 0.0 ],
					"toggle" : [ 1 ],
					"number[7]" : [ 1.0 ],
					"df.set_spat[2]::dummy" : [ 0 ],
					"dfn.basicwf::freq" : [ 207.65234891593613 ],
					"dfn.basicwf::mode" : [ "sqr" ],
					"dfn.basicwf::width" : [ 0.059055118110236 ],
					"dfn.basicwf::df.modparam[1]::ext?" : [ 1.0 ],
					"dfn.basicwf::df.modparam::ext?" : [ 1.0 ],
					"dfc.envf::function" : [ 1404.0, 0.0, 10.0, 0.0, 0.0, 0, 0.0, 0.0, 10.0, 0, 0.8, 350.472172145556669, 4.576272203242771, 0, -0.85, 677.720292446308576, 0.0, 0, -0.55, 1078.863149589165687, 10.0, 0, 0.65, "curve" ],
					"dfc.envf::number" : [ 1404 ],
					"dfc.envf::number[1]" : [ 0 ],
					"dfc.envf::number[2]" : [ 0.0 ],
					"dfc.envf::df.modparamc::df.modparam::ext?" : [ 1.0 ],
					"dfc.envf::df.modparamc[1]::df.modparam::ext?" : [ 0.0 ],
					"pl.box::param_name" : [ "duty" ],
					"df.bgain::live.dial" : [ -15.669291338582696 ],
					"df.bgain::df.modparam::ext?" : [ 0.0 ],
					"df.bgain[1]::live.dial" : [ -4.733909682585823 ],
					"df.bgain[1]::df.modparam::ext?" : [ 1.0 ],
					"dfc.envf[1]::function" : [ 1404.0, 0.0, 10.0, 0.0, 0.0, 0, 0.0, 0.0, 10.0, 0, 0.0, 593.269164626759675, 0.0, 0, -0.7, "curve" ],
					"dfc.envf[1]::number" : [ 1 ],
					"dfc.envf[1]::number[1]" : [ 0 ],
					"dfc.envf[1]::number[2]" : [ 0.0 ],
					"dfc.envf[1]::df.modparamc::df.modparam::ext?" : [ 1.0 ],
					"dfc.envf[1]::df.modparamc[1]::df.modparam::ext?" : [ 0.0 ],
					"df.bgain[2]::live.dial" : [ -70.0 ],
					"df.bgain[2]::df.modparam::ext?" : [ 0.0 ],
					"df.yafr2x2::live.dial" : [ 0.0 ],
					"df.yafr2x2::live.dial[1]" : [ 0.535433070866141 ],
					"df.yafr2x2::live.dial[2]" : [ 0.031496062992126 ],
					"df.yafr2x2::live.dial[3]" : [ 0.244094488188976 ],
					"df.yafr2x2::live.dial[4]" : [ 0.086614173228347 ],
					"df.yafr2x2::df.modparam::ext?" : [ 0.0 ],
					"df.yafr2x2::df.modparam[1]::ext?" : [ 0.0 ],
					"df.yafr2x2::df.modparam[2]::ext?" : [ 0.0 ],
					"df.yafr2x2::df.modparam[3]::ext?" : [ 0.0 ],
					"df.yafr2x2::df.modparam[4]::ext?" : [ 1.0 ],
					"df.bgain[3]::live.dial" : [ -70.0 ],
					"df.bgain[3]::df.modparam::ext?" : [ 1.0 ],
					"df.yafr2x2[2]::live.dial" : [ 0.456692913385827 ],
					"df.yafr2x2[2]::live.dial[1]" : [ 0.102362204724409 ],
					"df.yafr2x2[2]::live.dial[2]" : [ 0.488188976377953 ],
					"df.yafr2x2[2]::live.dial[3]" : [ 0.645669291338583 ],
					"df.yafr2x2[2]::live.dial[4]" : [ 0.0 ],
					"df.yafr2x2[2]::df.modparam::ext?" : [ 0.0 ],
					"df.yafr2x2[2]::df.modparam[1]::ext?" : [ 0.0 ],
					"df.yafr2x2[2]::df.modparam[2]::ext?" : [ 0.0 ],
					"df.yafr2x2[2]::df.modparam[3]::ext?" : [ 0.0 ],
					"df.yafr2x2[2]::df.modparam[4]::ext?" : [ 0.0 ],
					"dfc.envf[2]::function" : [ 1404.0, 0.0, 10.0, 0.0, 0.0, 0, 0.0, 160.457134551571727, 0.0, 0, 0.0, 350.472172145556669, 0.0, 0, 0.855000000000001, 1404.0, 0.0, 0, -0.8, "curve" ],
					"dfc.envf[2]::number" : [ 1 ],
					"dfc.envf[2]::number[1]" : [ 0 ],
					"dfc.envf[2]::number[2]" : [ 0.0 ],
					"dfc.envf[2]::df.modparamc::df.modparam::ext?" : [ 1.0 ],
					"dfc.envf[2]::df.modparamc[1]::df.modparam::ext?" : [ 0.0 ],
					"dfn.basicwf[1]::freq" : [ 207.65234891593613 ],
					"dfn.basicwf[1]::mode" : [ "sqr" ],
					"dfn.basicwf[1]::width" : [ 0.059055118110236 ],
					"dfn.basicwf[1]::df.modparam[1]::ext?" : [ 1.0 ],
					"dfn.basicwf[1]::df.modparam::ext?" : [ 1.0 ],
					"df.beq::filtergraph~" : [ 6, 0, 6, 0, 0, 0, 0.973331868648529, 0.000669972214382, 1.0, 1, 5, 1, 0, 0, 50.0, 1.0, 1.0, 2, 5, 1, 0, 0, 250.0, 1.0, 1.0, 3, 5, 1, 0, 0, 83.57275390625, 2.949464559555054, 0.266292184591293, 4, 5, 1, 0, 0, 1782.4195556640625, 1.031821608543396, 1.0, 5, 7, 1, 0, 0, 8575.5087890625, 1.229314088821411, 1.0 ],
					"df.beq::live.dial" : [ 8575.508597097077654 ],
					"df.beq::live.dial[1]" : [ 1.000000000000001 ],
					"df.beq::live.dial[2]" : [ 1.793256804508416 ],
					"df.beq::live.dial[3]" : [ 1.0 ],
					"df.beq::live.text" : [ 0.0 ],
					"df.beq::number" : [ 6 ],
					"df.beq::number[1]" : [ 1 ],
					"df.beq::umenu" : [ 0 ],
					"df.bgain[4]::df.modparam::ext?" : [ 0.0 ],
					"df.bgain[4]::live.dial" : [ -2.362204724409452 ],
					"df.bgain[5]::df.modparam::ext?" : [ 0.0 ],
					"df.bgain[5]::live.dial" : [ 10.23622047244092 ]
				}

			}

		}

	}

}
