{
	"pattrstorage" : 	{
		"name" : "u924003076",
		"slots" : 		{
			"1" : 			{
				"id" : 1,
				"data" : 				{
					"Glide" : [ 2228.74823702403819 ],
					"Transp" : [ -1209.448818897637693 ],
					"button" : [ 1.0 ],
					"button[1]" : [ 0.0 ],
					"button[2]" : [ 0.0 ],
					"number" : [ 3517.0 ],
					"number[1]" : [ -1268.256827931391854 ],
					"df.set_spat[2]::dummy" : [ 0 ],
					"dfn.basicwf::freq" : [ 622.253967269947566 ],
					"dfn.basicwf::mode" : [ "saw" ],
					"dfn.basicwf::width" : [ 0.433070866141732 ],
					"dfn.basicwf::df.modparam[1]::ext?" : [ 1.0 ],
					"dfn.basicwf::df.modparam::ext?" : [ 1.0 ],
					"dfc.envf::function" : [ 1404.0, 0.0, 10.0, 0.0, 0.0, 0, 0.0, 0.0, 10.0, 0, 0.8, 350.472172145556669, 4.576272203242771, 0, -0.85, 677.720292446308576, 0.0, 0, -0.55, 1404.0, 0.338984648926982, 0, -0.55, "curve" ],
					"dfc.envf::number" : [ 1404 ],
					"dfc.envf::number[1]" : [ 0 ],
					"dfc.envf::number[2]" : [ 0.0 ],
					"dfc.envf::df.modparamc::df.modparam::ext?" : [ 1.0 ],
					"dfc.envf::df.modparamc[1]::df.modparam::ext?" : [ 0.0 ],
					"pl.box::param_name" : [ "duty" ],
					"df.bgain::live.dial" : [ -22.755905511811072 ],
					"df.bgain::df.modparam::ext?" : [ 0.0 ],
					"df.bgain[1]::live.dial" : [ -21.938200260161128 ],
					"df.bgain[1]::df.modparam::ext?" : [ 1.0 ],
					"dfc.envf[1]::function" : [ 1404.0, 0.0, 10.0, 0.0, 0.0, 0, 0.0, 0.0, 10.0, 0, 0.0, 593.269164626759675, 0.0, 0, -0.7, "curve" ],
					"dfc.envf[1]::number" : [ 1 ],
					"dfc.envf[1]::number[1]" : [ 0 ],
					"dfc.envf[1]::number[2]" : [ 0.0 ],
					"dfc.envf[1]::df.modparamc::df.modparam::ext?" : [ 1.0 ],
					"dfc.envf[1]::df.modparamc[1]::df.modparam::ext?" : [ 0.0 ],
					"df.bgain[2]::live.dial" : [ -12.598425196850357 ],
					"df.bgain[2]::df.modparam::ext?" : [ 0.0 ],
					"df.yafr2x2::live.dial" : [ 0.653543307086613 ],
					"df.yafr2x2::live.dial[1]" : [ 0.196850393700787 ],
					"df.yafr2x2::live.dial[2]" : [ 0.661417322834646 ],
					"df.yafr2x2::live.dial[3]" : [ 1.0 ],
					"df.yafr2x2::live.dial[4]" : [ 0.086614173228347 ],
					"df.yafr2x2::df.modparam::ext?" : [ 0.0 ],
					"df.yafr2x2::df.modparam[1]::ext?" : [ 0.0 ],
					"df.yafr2x2::df.modparam[2]::ext?" : [ 0.0 ],
					"df.yafr2x2::df.modparam[3]::ext?" : [ 0.0 ],
					"df.yafr2x2::df.modparam[4]::ext?" : [ 1.0 ],
					"df.bgain[3]::live.dial" : [ -70.0 ],
					"df.bgain[3]::df.modparam::ext?" : [ 1.0 ],
					"df.yafr2x2[2]::live.dial" : [ 0.433070866141733 ],
					"df.yafr2x2[2]::live.dial[1]" : [ 0.559055118110236 ],
					"df.yafr2x2[2]::live.dial[2]" : [ 0.488188976377953 ],
					"df.yafr2x2[2]::live.dial[3]" : [ 0.645669291338583 ],
					"df.yafr2x2[2]::live.dial[4]" : [ 0.68503937007874 ],
					"df.yafr2x2[2]::df.modparam::ext?" : [ 0.0 ],
					"df.yafr2x2[2]::df.modparam[1]::ext?" : [ 0.0 ],
					"df.yafr2x2[2]::df.modparam[2]::ext?" : [ 0.0 ],
					"df.yafr2x2[2]::df.modparam[3]::ext?" : [ 0.0 ],
					"df.yafr2x2[2]::df.modparam[4]::ext?" : [ 0.0 ],
					"dfc.envf[2]::function" : [ 1404.0, 0.0, 10.0, 0.729347780153772, 10.0, 0, 0.0, 1216.096232295932623, 0.0, 0, -0.8, "curve" ],
					"dfc.envf[2]::number" : [ 1 ],
					"dfc.envf[2]::number[1]" : [ 0 ],
					"dfc.envf[2]::number[2]" : [ 0.0 ],
					"dfc.envf[2]::df.modparamc::df.modparam::ext?" : [ 1.0 ],
					"dfc.envf[2]::df.modparamc[1]::df.modparam::ext?" : [ 0.0 ],
					"dfn.basicwf[1]::freq" : [ 622.253967269947566 ],
					"dfn.basicwf[1]::mode" : [ "saw" ],
					"dfn.basicwf[1]::width" : [ 0.433070866141732 ],
					"dfn.basicwf[1]::df.modparam[1]::ext?" : [ 1.0 ],
					"dfn.basicwf[1]::df.modparam::ext?" : [ 1.0 ]
				}

			}

		}

	}

}
